id;type;siren;date;status;responce
1;mobile Fish;Home Loan Account Table Computer;2019-11-15;FTP Savings Account;deposit Tasty Metal Bacon Implementation
2;Chips;Money Market Account;2019-11-14;Grocery Home;Investment Account Steel
3;Coordinator;Common;2019-11-14;grey Cambridgeshire;Canyon HDD
4;Table Small Frozen Sausages Planner;envisioneer Music Public-key;2019-11-15;Bahamian Dollar Investment Account;Games Regional Digitized
5;copy convergence;Mayotte;2019-11-15;Facilitator;Views e-enable Communications
6;National Awesome sky blue;Tactics;2019-11-14;compress South Georgia and the South Sandwich Islands;compelling mission-critical
7;bifurcated scalable;Small;2019-11-14;index orange;Jewelery
8;monitor;1080p Checking Account Identity;2019-11-14;Internal;Investment Account archive Fantastic Plastic Chicken
9;payment;withdrawal COM;2019-11-14;Frozen bus;hard drive Robust Networked
10;Poland;Small partnerships;2019-11-15;Dynamic;knowledge base Buckinghamshire
